{
    "obj_num": 1,
    "0_weights": [
        [
            30.750722885131836,
            -15.151890754699707,
            24.856441497802734,
            5.604434013366699,
            4.966940402984619,
            -4.264236927032471,
            -6.635754108428955,
            9.28652572631836,
            -10.907865524291992,
            -15.804944038391113,
            -5.295602798461914,
            -5.080133438110352,
            -28.290637969970703,
            -6.631107807159424,
            11.88740348815918,
            12.21241283416748
        ],
        [
            -23.65018653869629,
            -640.3985595703125,
            -19.49811553955078,
            12.224513053894043,
            11.582426071166992,
            -15.945207595825195,
            5.7749552726745605,
            -42.04567337036133,
            -24.827049255371094,
            1.055528998374939,
            2.727172613143921,
            -3.0364415645599365,
            -42.862510681152344,
            0.22975598275661469,
            16.270307540893555,
            9.864129066467285
        ],
        [
            -11.007451057434082,
            3.386847734451294,
            -2.948762893676758,
            -0.1745496690273285,
            -6.743594646453857,
            12.368378639221191,
            -11.555952072143555,
            -8.451873779296875,
            -31.60857582092285,
            -5.451153755187988,
            3.6111273765563965,
            8.392053604125977,
            -4.836136341094971,
            -8.490214347839355,
            7.6525492668151855,
            20.834585189819336
        ],
        [
            -38.187782287597656,
            -4.813530445098877,
            -12.611007690429688,
            -2.9595065116882324,
            3.081235647201538,
            -150.930419921875,
            17.881786346435547,
            4.568949222564697,
            -1.8338366746902466,
            -21.241615295410156,
            3.3877182006835938,
            -3.2063558101654053,
            -6.792898178100586,
            -12.10410213470459,
            -22.956464767456055,
            -18.382295608520508
        ],
        [
            -31.410282135009766,
            -174.7349853515625,
            -3.1344153881073,
            2.9188756942749023,
            2.947916030883789,
            13.623208045959473,
            5.328790664672852,
            -6.341822147369385,
            23.895774841308594,
            -13.97021198272705,
            -0.9795020222663879,
            2.6479783058166504,
            -7.4144182205200195,
            -5.026395797729492,
            -12.357660293579102,
            9.668622970581055
        ],
        [
            -27.4718017578125,
            1.446913719177246,
            6.2605133056640625,
            -5.030934810638428,
            11.730447769165039,
            -20.001283645629883,
            -11.425678253173828,
            -9.628238677978516,
            1.6297962665557861,
            -15.458442687988281,
            3.7501533031463623,
            11.732884407043457,
            0.24510176479816437,
            -4.285632610321045,
            -1.6306440830230713,
            4.039368152618408
        ],
        [
            15.950738906860352,
            -1.6949223279953003,
            -4.300142765045166,
            -2.610741138458252,
            -24.168947219848633,
            4.717721939086914,
            11.030945777893066,
            9.71076488494873,
            -51.7755012512207,
            -20.269807815551758,
            11.806299209594727,
            -2.662266731262207,
            3.923966884613037,
            -11.535387992858887,
            -4.5675249099731445,
            -15.242878913879395
        ],
        [
            16.13864517211914,
            16.301074981689453,
            2.412334680557251,
            9.950926780700684,
            12.01180362701416,
            4.793013095855713,
            3.9801158905029297,
            13.210123062133789,
            2.3647661209106445,
            -14.692118644714355,
            -8.326984405517578,
            2.0492446422576904,
            14.68852424621582,
            -13.286087989807129,
            0.863868772983551,
            -26.483957290649414
        ],
        [
            -0.28276097774505615,
            -0.0861063227057457,
            0.8046049475669861,
            0.942200243473053,
            -0.3892616033554077,
            -0.5572369694709778,
            0.3102260231971741,
            -0.1208781898021698,
            -3.1466143131256104,
            0.1263771802186966,
            0.7221827507019043,
            0.1913864016532898,
            1.2784417867660522,
            -0.29474371671676636,
            -0.1608366072177887,
            0.2537129819393158
        ],
        [
            6.130602836608887,
            0.15778805315494537,
            -0.5979890823364258,
            1.390398383140564,
            -0.5330009460449219,
            -1.9046176671981812,
            1.5863689184188843,
            0.6110599637031555,
            0.8374139070510864,
            0.31821149587631226,
            1.0608437061309814,
            -0.2174106240272522,
            -0.25875619053840637,
            0.03174528852105141,
            -0.889796257019043,
            -1.0469567775726318
        ],
        [
            -5.819394111633301,
            -9.073380470275879,
            -0.31200534105300903,
            5.783770561218262,
            -0.06858792901039124,
            -7.675622463226318,
            1.8754247426986694,
            2.939080238342285,
            2.2732362747192383,
            -0.3964417278766632,
            4.475090503692627,
            -0.29218730330467224,
            2.645340919494629,
            -0.1768506020307541,
            -4.664100170135498,
            -1.2909210920333862
        ]
    ],
    "0_bias": [
        -11.988561630249023,
        3.0653653144836426,
        -1.1088147163391113,
        -4.413507461547852,
        1.0087831020355225,
        -0.3985074758529663,
        -2.2852766513824463,
        2.771932363510132,
        -4.868912696838379,
        -0.7407538890838623,
        -5.106564998626709,
        0.09840929508209229,
        4.459195613861084,
        -1.3425759077072144,
        0.671997606754303,
        2.1892917156219482
    ],