{
    "obj_num": 1,
    "0_weights": [
        [
            3.1485443115234375,
            -0.23628348112106323,
            -0.4255805015563965,
            5.7169270515441895,
            3.54034423828125,
            55.24587631225586,
            7.8013014793396,
            28.826696395874023,
            11.456759452819824,
            -6.053776741027832,
            3.1551709175109863,
            8.21706485748291,
            -8.626408576965332,
            6.152767181396484,
            5.971173286437988,
            12.86229419708252
        ],
        [
            -0.9121748805046082,
            -13.818222999572754,
            -2.135380744934082,
            2.7762668132781982,
            -5.6144561767578125,
            -32.155784606933594,
            -4.0201416015625,
            -14.576667785644531,
            3.824256420135498,
            0.7299764752388,
            -16.063541412353516,
            -4.197155475616455,
            -5.042675018310547,
            6.378836154937744,
            -5.538422107696533,
            12.76485538482666
        ],
        [
            10.216593742370605,
            4.493499279022217,
            -0.7797444462776184,
            -7.914416790008545,
            -0.39719289541244507,
            -2.4477458000183105,
            -1.6592522859573364,
            -13.847251892089844,
            -29.616708755493164,
            14.966702461242676,
            6.5555291175842285,
            4.14102840423584,
            -15.705942153930664,
            3.2267062664031982,
            14.740740776062012,
            14.848567008972168
        ],
        [
            -12.543216705322266,
            -8.001827239990234,
            -26.29684829711914,
            -10.559599876403809,
            -4.691904067993164,
            -42.592681884765625,
            8.982836723327637,
            12.834870338439941,
            -18.099950790405273,
            8.260486602783203,
            -11.003506660461426,
            -45.55720520019531,
            -7.320601940155029,
            3.3349788188934326,
            -0.6342292428016663,
            -8.121109962463379
        ],
        [
            0.5199785232543945,
            -36.24892044067383,
            0.7579134106636047,
            -6.614166259765625,
            -2.387233018875122,
            -46.015289306640625,
            1.8395003080368042,
            -15.179229736328125,
            14.136585235595703,
            -7.050295829772949,
            13.785073280334473,
            11.436551094055176,
            23.503942489624023,
            -28.209375381469727,
            -1.3905470371246338,
            8.653848648071289
        ],
        [
            -12.791716575622559,
            -26.534921646118164,
            10.302699089050293,
            -2.740353584289551,
            -0.6637527942657471,
            -36.01152801513672,
            16.055864334106445,
            -1.5758373737335205,
            1.9529542922973633,
            -14.469039916992188,
            1.6482810974121094,
            -18.024227142333984,
            -45.64708709716797,
            17.643686294555664,
            -7.583963871002197,
            2.8368747234344482
        ],
        [
            0.40541571378707886,
            10.534991264343262,
            12.057462692260742,
            11.834845542907715,
            -15.728060722351074,
            -101.18482208251953,
            -2.75618052482605,
            8.630833625793457,
            -31.851909637451172,
            -13.650928497314453,
            -89.16484832763672,
            -18.47865867614746,
            16.403553009033203,
            10.605868339538574,
            2.612149238586426,
            -26.44597625732422
        ],
        [
            6.789349555969238,
            5.570245742797852,
            0.4749457836151123,
            4.987254619598389,
            5.712578296661377,
            13.087166786193848,
            2.6653032302856445,
            12.35350227355957,
            -16.56715202331543,
            12.674461364746094,
            17.68876838684082,
            -8.191292762756348,
            13.332191467285156,
            -5.556005001068115,
            4.40778923034668,
            -7.857837200164795
        ],
        [
            -1.9694304466247559,
            -1.706932783126831,
            0.4503984749317169,
            -0.048705555498600006,
            0.14181213080883026,
            -1.0787763595581055,
            0.2866065502166748,
            0.3052639663219452,
            0.36765632033348083,
            0.4548717141151428,
            -2.6391758918762207,
            -1.2817429304122925,
            0.7305540442466736,
            -1.2392809391021729,
            1.1089794635772705,
            -0.07857421785593033
        ],
        [
            -12.22434139251709,
            -6.121345043182373,
            -0.7747240662574768,
            1.4672421216964722,
            -0.39556559920310974,
            2.5767366886138916,
            0.3514557480812073,
            1.4408986568450928,
            -2.216679573059082,
            -0.38738012313842773,
            -1.7411582469940186,
            0.9441113471984863,
            0.09551142901182175,
            -3.165236473083496,
            1.454300880432129,
            -1.354078769683838
        ],
        [
            0.9807332158088684,
            -4.109041213989258,
            -1.1067886352539062,
            6.019583225250244,
            0.7811760306358337,
            1.0841132402420044,
            2.212388038635254,
            3.7362451553344727,
            -0.6717828512191772,
            1.3440219163894653,
            6.155646324157715,
            -0.2610885500907898,
            -4.202977657318115,
            -8.163589477539062,
            1.8093769550323486,
            -0.016963575035333633
        ]
    ],
    "0_bias": [
        -1.5610580444335938,
        1.0981590747833252,
        1.035032033920288,
        -0.014185801148414612,
        5.532813549041748,
        -4.18196439743042,
        -3.363276243209839,
        1.7221678495407104,
        -1.8134686946868896,
        -2.0934700965881348,
        -8.724889755249023,
        3.405935764312744,
        -4.369656562805176,
        -6.648889541625977,
        -0.7685612440109253,
        0.4693901538848877
    ],