{
    "obj_num": 1,
    "0_weights": [
        [
            8.990300178527832,
            -19.24219512939453,
            -5.01558256149292,
            -14.557367324829102,
            11.967145919799805,
            -0.7581691145896912,
            1.8252370357513428,
            -0.7125868201255798,
            5.539383888244629,
            -23.953357696533203,
            -1.7582608461380005,
            -16.769102096557617,
            3.324765682220459,
            0.754676878452301,
            6.386184215545654,
            5.920193672180176
        ],
        [
            -5.6996235847473145,
            -3.0345914363861084,
            1.167707920074463,
            10.360007286071777,
            22.514575958251953,
            -9.993864059448242,
            -2.61543607711792,
            -16.457612991333008,
            -0.6049464344978333,
            -12.884224891662598,
            -9.64050006866455,
            19.19652557373047,
            -2.4061434268951416,
            22.45198631286621,
            -9.202532768249512,
            -2.1210134029388428
        ],
        [
            0.7298439145088196,
            -9.448214530944824,
            -1.9406319856643677,
            -5.977578163146973,
            -4.040974140167236,
            5.872627258300781,
            1.9808874130249023,
            -5.746622562408447,
            2.437272787094116,
            18.927444458007812,
            -11.691208839416504,
            10.753320693969727,
            5.806450366973877,
            3.221770763397217,
            8.676850318908691,
            13.293380737304688
        ],
        [
            -5.839526176452637,
            6.132287979125977,
            -18.069183349609375,
            -7.1280837059021,
            7.026343822479248,
            -15.727648735046387,
            9.20400619506836,
            1.1761494874954224,
            0.044644761830568314,
            -17.838529586791992,
            -22.169584274291992,
            1.4445744752883911,
            -23.220752716064453,
            3.4578490257263184,
            -10.449037551879883,
            -21.329057693481445
        ],
        [
            -7.203745365142822,
            -1.3964107036590576,
            7.824644088745117,
            4.351565837860107,
            2.0754191875457764,
            -4.207644462585449,
            -1.134568452835083,
            -1.4033123254776,
            -2.194291591644287,
            -32.79677963256836,
            -12.201587677001953,
            0.7233211398124695,
            -10.623991012573242,
            -3.8900394439697266,
            2.8364341259002686,
            6.234739780426025
        ],
        [
            -0.2857442796230316,
            -3.3507754802703857,
            0.5185853838920593,
            -3.2904212474823,
            2.7590484619140625,
            -8.073525428771973,
            -4.5951690673828125,
            -3.061485767364502,
            -7.419610500335693,
            -35.607826232910156,
            0.594395101070404,
            -2.2723968029022217,
            -10.5612211227417,
            3.491502523422241,
            8.125025749206543,
            5.35963773727417
        ],
        [
            15.50010871887207,
            -4.134730339050293,
            -1.3278377056121826,
            14.97418212890625,
            -48.737422943115234,
            13.358772277832031,
            5.9124274253845215,
            -7.536629676818848,
            -8.71759033203125,
            -4.1736674308776855,
            -2.074815511703491,
            -17.50409507751465,
            13.088418960571289,
            -1.7806062698364258,
            16.195194244384766,
            -8.043672561645508
        ],
        [
            1.3669166564941406,
            -2.344428062438965,
            -1.0531857013702393,
            3.779849052429199,
            2.3159115314483643,
            -6.7288947105407715,
            10.34302043914795,
            7.711568832397461,
            2.5973258018493652,
            -42.25676345825195,
            -26.375749588012695,
            -9.38531494140625,
            11.412145614624023,
            3.133795976638794,
            2.1817352771759033,
            -11.6015043258667
        ],
        [
            -0.15801005065441132,
            0.8072299957275391,
            0.13924002647399902,
            -0.10300856083631516,
            0.44935646653175354,
            1.3783845901489258,
            0.5538079142570496,
            -1.3463536500930786,
            0.09027090668678284,
            -1.936895728111267,
            -0.33512189984321594,
            -0.53449946641922,
            -1.1818091869354248,
            -0.9323757290840149,
            -0.29621168971061707,
            -0.10664114356040955
        ],
        [
            -8.001885414123535,
            -1.2239352464675903,
            -3.691426992416382,
            0.9050410389900208,
            -0.665886640548706,
            -6.383310794830322,
            2.883002996444702,
            -0.5213303565979004,
            -7.23685359954834,
            -2.5302460193634033,
            -0.4649190604686737,
            -1.5327394008636475,
            -1.5872323513031006,
            -1.5976303815841675,
            0.11586955189704895,
            -1.0469690561294556
        ],
        [
            -9.632728576660156,
            3.0129387378692627,
            1.7075122594833374,
            3.0288894176483154,
            2.386228561401367,
            5.554506778717041,
            2.298207998275757,
            -0.3292800784111023,
            7.7537126541137695,
            3.6626861095428467,
            -0.1499580293893814,
            3.896744966506958,
            0.7194554209709167,
            -11.305776596069336,
            -0.05704842507839203,
            -1.8763926029205322
        ]
    ],
    "0_bias": [
        1.1813740730285645,
        4.128084182739258,
        5.051625728607178,
        -0.8338143825531006,
        -3.530622720718384,
        -0.26928794384002686,
        -2.4739036560058594,
        5.142866611480713,
        -0.5423902273178101,
        1.2951536178588867,
        -1.4594758749008179,
        0.041496917605400085,
        2.8477602005004883,
        -0.4797438979148865,
        -1.360647439956665,
        2.12957763671875
    ],