{
    "obj_num": 1,
    "0_weights": [
        [
            -133.3472900390625,
            -12.238082885742188,
            14.372807502746582,
            -1.6752313375473022,
            8.147560119628906,
            4.303361415863037,
            3.6744823455810547,
            2.6601319313049316,
            17.66899871826172,
            -8.939213752746582,
            -31.308063507080078,
            -3.723292350769043,
            -10.200175285339355,
            -6.513755798339844,
            5.407844066619873,
            -0.569645345211029
        ],
        [
            23.890960693359375,
            2.5944228172302246,
            11.534996032714844,
            23.271074295043945,
            2.124682903289795,
            5.380471706390381,
            8.463630676269531,
            -7.279812335968018,
            -47.46818923950195,
            -21.105497360229492,
            -127.93656158447266,
            -19.480899810791016,
            -6.630170822143555,
            15.2848539352417,
            -0.399912565946579,
            17.316011428833008
        ],
        [
            -0.0999760776758194,
            8.574247360229492,
            1.3441516160964966,
            3.740255832672119,
            0.3364105820655823,
            16.355419158935547,
            -7.370372295379639,
            1.4017441272735596,
            -36.18975067138672,
            5.902364730834961,
            -2.4635722637176514,
            12.23501968383789,
            -36.02077102661133,
            2.2228403091430664,
            18.197904586791992,
            9.757513046264648
        ],
        [
            2.295485496520996,
            1.7109336853027344,
            -1.0798137187957764,
            -20.93490982055664,
            -6.006619453430176,
            -15.371994972229004,
            12.262472152709961,
            10.808080673217773,
            -35.45071029663086,
            -20.697898864746094,
            -2.988489866256714,
            15.060209274291992,
            -9.640558242797852,
            -25.730329513549805,
            -0.27483490109443665,
            -5.322663307189941
        ],
        [
            -8.301870346069336,
            -14.287577629089355,
            -14.667963981628418,
            2.3344814777374268,
            10.904908180236816,
            -7.716550827026367,
            8.91234016418457,
            -12.595622062683105,
            3.065202236175537,
            -22.746780395507812,
            7.959916591644287,
            5.260326385498047,
            12.362167358398438,
            3.0788493156433105,
            -4.620456695556641,
            14.799571990966797
        ],
        [
            1.964950442314148,
            -4.629027366638184,
            2.920363664627075,
            -21.012617111206055,
            -2.052480459213257,
            -29.1300106048584,
            -11.517553329467773,
            8.57326889038086,
            2.222836494445801,
            -19.453203201293945,
            16.679738998413086,
            -10.96798324584961,
            19.08858299255371,
            5.148289203643799,
            -0.6213648319244385,
            -0.9145234823226929
        ],
        [
            1.7568466663360596,
            0.8974637985229492,
            -5.855606555938721,
            -1.4915612936019897,
            -18.566009521484375,
            6.044046878814697,
            4.550973892211914,
            3.461496353149414,
            8.210322380065918,
            0.9300100207328796,
            -18.194995880126953,
            -15.92050838470459,
            20.889602661132812,
            -5.971670627593994,
            -6.671834468841553,
            -3.489133596420288
        ],
        [
            0.683071494102478,
            2.8988564014434814,
            -2.508772373199463,
            16.540210723876953,
            7.085498332977295,
            10.58987045288086,
            -2.176682710647583,
            -0.8915562033653259,
            18.713136672973633,
            2.3424551486968994,
            -5.660885334014893,
            1.780908465385437,
            3.5998313426971436,
            -20.801525115966797,
            0.8399649858474731,
            -10.430497169494629
        ],
        [
            0.8028746247291565,
            -7.404154300689697,
            0.4884507358074188,
            -0.5551028847694397,
            -0.3698866069316864,
            1.1370192766189575,
            3.6348748207092285,
            0.6777127981185913,
            2.351703643798828,
            -2.5956227779388428,
            1.6530096530914307,
            -0.4863586127758026,
            1.2709074020385742,
            0.21700648963451385,
            -0.6601244211196899,
            -0.572027325630188
        ],
        [
            1.6127052307128906,
            -2.5690855979919434,
            0.27924323081970215,
            1.0393422842025757,
            0.04266747832298279,
            0.6756250858306885,
            -3.2165002822875977,
            0.7670654654502869,
            2.0922014713287354,
            0.3808363676071167,
            3.802494525909424,
            0.20724911987781525,
            0.43709930777549744,
            1.4009828567504883,
            -2.5956575870513916,
            -0.11416079103946686
        ],
        [
            2.9796411991119385,
            -0.6833932995796204,
            -2.3312718868255615,
            -1.4077332019805908,
            -2.2609612941741943,
            -0.5716232657432556,
            3.2901508808135986,
            3.034034252166748,
            2.643653631210327,
            -0.6993259787559509,
            2.488882541656494,
            -0.3860868513584137,
            0.4591310918331146,
            7.616841793060303,
            3.205378770828247,
            -0.5041614770889282
        ]
    ],
    "0_bias": [
        -2.8935341835021973,
        2.6880507469177246,
        2.716757297515869,
        1.6879892349243164,
        2.8879194259643555,
        -4.4017181396484375,
        -5.97862434387207,
        0.19088031351566315,
        -2.5491628646850586,
        2.7503786087036133,
        -9.780338287353516,
        0.29294243454933167,
        2.4735097885131836,
        -7.264534950256348,
        -2.404420852661133,
        1.1301851272583008
    ],